{"": [11, 2], "MTH622A": [5, 3], "CHM341": [4, 1], "EE666A": [2, 3], "ME461A": [1, 3], "EE311": [5, 1], "MTH673A": [5, 1], "AE341A": [1, 1], "BSE615A": [10, 1], "MS604A": [5, 3], "MTH306": [7, 1], "CS679": [7, 1], "MTH304": [1, 3], "SOC473": [8, 1], "MTH302": [4, 1], "MTH721A": [7, 3], "PHY602": [5, 3], "DES623": [8, 1], "CHE652A": [7, 3], "MTH308": [2, 1], "ECO261A": [4, 3], "PHY621A": [6, 1], "AE753": [2, 1], "CS203B": [2, 1], "EE340A": [10, 1], "EE626A": [1, 3], "AE621A": [6, 1], "NT651": [5, 3], "CHM322A": [9, 3], "CHM481": [5, 1], "MTH652A": [1, 1], "CHM695": [7, 1], "MTH664A": [4, 1], "MTH656": [7, 3], "MTH657": [1, 3], "ENG433A": [3, 1], "EEM614": [1, 3], "ECO735A": [7, 1], "ECO502": [5, 1], "ECO501": [3, 1], "ECO506": [6, 3], "PHY663": [1, 1], "ME642A": [9, 3], "AE322": [6, 3], "PSY776A": [6, 1], "MTH421": [3, 3], "MTH426": [11, 3], "PHY553": [4, 3], "ME664": [5, 3], "ME663": [2, 1], "DES698A": [2, 1], "EE608A": [4, 1], "PHI455A": [3, 1], "DES682A": [1, 3], "MTH424": [9, 1], "MBA628": [10, 3], "MTH215A": [5, 3], "ME762A": [10, 1], "ME461": [1, 3], "EE631A": [4, 1], "PHY412": [3, 1], "CHE463": [6, 1], "SOC481": [11, 1], "CS771": [7, 3], "MBA653": [2, 1], "CHE362A": [7, 3], "MTH751A": [3, 1], "BSE653B": [5, 1], "BSE653A": [5, 1], "DES621A": [9, 3], "CE262A": [6, 1], "CHE659A": [2, 3], "CS771A": [7, 3], "MTH102N": [3, 3], "ECO501A": [3, 1], "MSE422A": [7, 3], "MTH418A": [4, 3], "CE352A": [4, 3], "MBA635A": [2, 1], "CS634A": [5, 3], "PHY644A": [6, 3], "ES649A": [2, 1], "IME637A": [1, 3], "MBA621A": [5, 3], "PHY524": [5, 3], "SOC479": [8, 3], "ME354A": [1, 1], "EE640A": [8, 1], "IME611": [7, 1], "BSE614": [6, 1], "MSE467A": [1, 1], "SOC745A": [7, 3], "MTH421A": [3, 3], "MTH657A": [1, 3], "CHM222A": [3, 1], "PSE605A": [5, 1], "EE681A": [2, 1], "CE422A": [5, 3], "ECO541A": [6, 1], "PSY151A": [7, 1], "MTH638A": [4, 1], "BSE614A": [6, 1], "MTH304A": [1, 3], "CS679A": [7, 1], "MBA617A": [9, 3], "PHY101A": [7, 3], "ME728A": [1, 1], "MBA607A": [8, 1], "CHE611A": [7, 1], "MBA677A": [7, 3], "AE747": [7, 3], "ES647A": [7, 3], "AE625A": [5, 3], "NT614": [2, 1], "MBA628A": [10, 3], "AE698A": [10, 3], "CS640": [5, 3], "CS315": [10, 3], "CHE381": [4, 3], "CS647": [8, 3], "CS648": [7, 3], "EE250A": [4, 1], "ART411A": [8, 1], "ECO342A": [1, 1], "AE660": [7, 3], "AE211A": [2, 3], "AE481A": [2, 3], "ECO506A": [6, 3], "MSE421A": [1, 1], "ES653A": [6, 1], "ME639A": [4, 3], "BSE615": [10, 1], "PHY680A": [1, 3], "CHM612": [6, 1], "MS602": [2, 1], "BSE341": [2, 3], "MBA665A": [4, 1], "CHM402A": [4, 1], "BSE616": [7, 3], "MSE683A": [4, 3], "CHM342A": [1, 1], "TA201N": [8, 3], "MBA649A": [3, 3], "ESO203A": [5, 3], "MSE202A": [3, 1], "AE753A": [2, 1], "MSE304A": [10, 1], "SOC171": [7, 1], "MTH524A": [9, 3], "EE635A": [3, 1], "EE622A": [2, 1], "CHE331": [6, 3], "CE674A": [4, 1], "IME700A": [1, 3], "TA201A": [8, 3], "SOC721A": [6, 1], "CE629A": [2, 3], "ME727A": [11, 3], "MSE616": [9, 1], "PHI455": [3, 1], "ME689A": [8, 3], "PHI450": [8, 3], "AE604A": [10, 1], "MSE621A": [7, 3], "EE668A": [4, 3], "ME665A": [4, 1], "CHE602A": [3, 1], "MTH679A": [5, 1], "ME634": [6, 3], "ME630": [5, 3], "PHY602A": [5, 3], "MTH653A": [7, 1], "CS648A": [7, 3], "ECO221A": [3, 1], "CSO202A": [5, 1], "PSY458A": [3, 1], "EE629": [7, 1], "MTH653": [7, 1], "EE623": [5, 1], "EE622": [2, 1], "EE627": [2, 3], "EE626": [1, 3], "CE632A": [8, 3], "EEM608B": [8, 1], "PHI774A": [6, 1], "MTH308A": [2, 1], "CS680A": [8, 1], "ART406A": [11, 1], "ENG712A": [2, 1], "PHY693A": [2, 3], "CE673A": [2, 3], "CE673N": [2, 3], "ECO541": [6, 1], "CS365A": [6, 3], "PHI141A": [7, 1], "MTH311": [1, 3], "PSY451A": [8, 1], "AE625": [5, 3], "AE621": [6, 1], "CS422A": [4, 3], "CHM645A": [2, 1], "PHI752A": [4, 1], "ART401A": [3, 1], "BSE652": [2, 3], "MTH729": [3, 1], "MTH641": [7, 3], "BSE652A": [2, 3], "MTH721": [7, 3], "MS602A": [2, 1], "EE648A": [6, 1], "AE648A": [6, 1], "MTH394A": [2, 1], "CS618A": [5, 3], "MBA661A": [4, 1], "ECO502A": [5, 1], "MBA634A": [5, 1], "CE222": [2, 3], "CS647A": [8, 3], "CHE659": [2, 3], "CS618": [5, 3], "PHY660": [2, 3], "EE311A": [5, 1], "EE600A": [3, 3], "TA101A": [1, 1], "MTH424A": [9, 1], "CHE621A": [4, 1], "CHM422": [9, 3], "PSE606A": [7, 1], "TA101N": [1, 1], "MTH514A": [1, 3], "PSY798A": [7, 3], "ECO332": [4, 1], "MBA635": [2, 1], "MBA634": [5, 1], "CE372A": [6, 3], "CE625A": [10, 3], "ME778": [5, 1], "ME770": [4, 1], "EE627A": [2, 3], "ME774": [6, 1], "CHM649A": [3, 1], "BSE221A": [3, 1], "MTH516": [2, 1], "EE665": [7, 1], "MTH514": [1, 3], "MTH511": [9, 1], "ART411": [8, 1], "AE687A": [1, 3], "ESC201A": [7, 1], "ECO413A": [1, 3], "MBA647": [9, 1], "ENG436A": [8, 3], "ME600": [3, 1], "MBA640": [11, 3], "MSE648": [6, 1], "MBA649": [3, 3], "NT652A": [6, 1], "CHM631A": [5, 3], "MTH393A": [1, 1], "MSE617": [8, 1], "PHY102A": [4, 3], "ME626A": [9, 3], "PHY102N": [4, 3], "ENG716A": [4, 3], "MTH215": [5, 3], "ME353": [1, 1], "AE690A": [3, 1], "IME611A": [7, 1], "SOC752A": [5, 3], "CE628": [9, 1], "CS747A": [6, 1], "AE462A": [1, 3], "EE623A": [5, 1], "AE322A": [6, 3], "MTH513A": [2, 1], "DES606A": [5, 1], "MTH624A": [1, 1], "ECO757A": [6, 3], "MTH552A": [6, 1], "CE412A": [5, 1], "DES630A": [4, 3], "ME649A": [1, 1], "PHY473A": [4, 3], "MSE421": [1, 1], "PHY621": [6, 1], "AE675": [3, 1], "CS656": [6, 1], "MSE631A": [5, 3], "CHE642A": [6, 1], "CHE613A": [5, 3], "AE675A": [3, 1], "CS315A": [10, 3], "SOC473A": [8, 1], "EE681": [2, 1], "CE613A": [3, 3], "MSE624A": [6, 3], "EE301A": [1, 1], "PHY226B": [9, 1], "MTH101A": [9, 1], "CHM626": [3, 1], "CHM627": [6, 1], "ART105A": [7, 1], "CSO201A": [5, 1], "CE682A": [4, 1], "BSE322A": [1, 1], "MTH679": [5, 1], "MTH676": [7, 3], "ESC101A": [5, 1], "MTH673": [5, 1], "ENG436": [8, 3], "ENG433": [3, 1], "AE612A": [4, 1], "CE635A": [4, 1], "MBA616A": [7, 3], "ENG439": [8, 3], "AE653A": [5, 3], "PHY695": [7, 1], "ENG750A": [2, 3], "CHE453A": [5, 3], "CHM102A": [2, 1], "CS625A": [1, 1], "PHY693": [2, 3], "CHM699": [2, 3], "PSE604A": [3, 1], "CHE622A": [3, 3], "ESO202": [5, 1], "CHE211A": [3, 1], "MTH552": [6, 1], "MBA666A": [6, 3], "CHM626A": [3, 1], "CHE802A": [1, 1], "CHM695A": [7, 1], "MTH418": [4, 3], "CE672A": [1, 3], "ME698A": [7, 3], "MBA653A": [2, 1], "ME613A": [6, 1], "MTH416": [3, 1], "PHY690O": [6, 1], "PHY690N": [6, 1], "CS220A": [4, 1], "AE747A": [7, 3], "MSE604": [2, 1], "PHI448": [8, 1], "ME649": [1, 1], "ME727": [11, 3], "PHY473": [4, 1], "ECO101A": [7, 1], "PHI751A": [7, 3], "ME642": [9, 3], "MBA607": [8, 1], "ME728": [1, 1], "PHY307": [4, 1], "MTH205A": [6, 3], "SOC479A": [8, 3], "SOC750A": [3, 1], "EE381": [4, 3], "ME351A": [6, 3], "MTH524": [9, 3], "CS365": [6, 3], "EE609A": [6, 1], "ME622A": [6, 3], "EE619A": [7, 3], "ME663A": [2, 1], "PSO201A": [5, 1], "ESO202A": [1, 1], "EEM604A": [6, 1], "MSE676": [2, 3], "MSE305A": [4, 3], "MBA681": [8, 1], "MTH693A": [2, 1], "CE242A": [3, 1], "ME351": [6, 3], "PHY616A": [9, 1], "CHM481A": [5, 1], "AE641A": [9, 1], "MTH664": [4, 1], "DES606": [5, 1], "MTH302A": [4, 1], "ECO753A": [4, 3], "PHI751": [7, 3], "ME751A": [2, 1], "CE672": [1, 3], "PHY660A": [2, 3], "MTH632": [2, 1], "BSE222A": [2, 3], "BSE421A": [6, 1], "MTH638": [4, 1], "PHY307A": [4, 1], "NT614A": [2, 1], "AE657A": [7, 3], "AE648": [6, 1], "ME341A": [4, 1], "BSE654A": [9, 1], "CS335": [2, 3], "MTH309A": [1, 1], "CS625": [1, 1], "NT651A": [5, 3], "EE642A": [2, 1], "PHI448A": [8, 1], "CHE361": [4, 1], "MTH392A": [1, 1], "SOC171A": [7, 1], "ME627A": [8, 1], "PHY103A": [4, 1], "CE676A": [6, 3], "MSE638A": [4, 1], "MBA647A": [9, 1], "ME689": [8, 3], "PHY432": [7, 3], "AE708A": [7, 1], "EE360A": [9, 1], "ME682": [4, 1], "EEM613A": [4, 3], "PSY458": [3, 1], "PSY454": [8, 3], "CHM662A": [10, 1], "AE462": [1, 3], "PSY451": [8, 1], "MBA681A": [8, 1], "CHE211": [3, 1], "MS603A": [3, 1], "BSE612A": [2, 3], "DES633A": [7, 1], "EE649A": [7, 3], "CHM242A": [4, 1], "AE687": [1, 3], "DES623A": [8, 1], "EE671": [7, 1], "CS656A": [6, 1], "CHE381A": [4, 3], "ART406": [11, 1], "CS640A": [5, 3], "ART401": [3, 1], "ENG122A": [7, 1], "MSE638": [4, 1], "CHE676A": [1, 1], "ME613": [6, 1], "MTH102A": [3, 3], "MBA652": [3, 1], "CHM609A": [4, 1], "MSE631": [5, 3], "TA202A": [8, 1], "IME672A": [6, 3], "COM200": [9, 3], "ME341": [4, 1], "MSE422": [7, 3], "ME778A": [5, 1], "BSE321A": [4, 3], "EE609": [6, 1], "ECO543A": [4, 3], "MTH205": [6, 3], "CHE662A": [1, 3], "PHY422A": [1, 1], "IME700": [1, 3], "ME682A": [4, 1], "CE630": [2, 3], "CE622A": [1, 3], "MSE617A": [8, 1], "CE635": [4, 1], "CHE611": [7, 1], "AE698": [10, 3], "CS746A": [4, 1], "AE690": [3, 1], "PHI755A": [2, 3], "CE690A": [3, 3], "CE661A": [5, 3], "MBA640A": [11, 3], "ME600A": [3, 1], "CHE261A": [4, 1], "PHY618": [10, 1], "PHI450A": [8, 3], "BSE616A": [7, 3], "AE641": [9, 1], "PHY616": [9, 1], "AE673": [6, 1], "CHE621": [4, 1], "CHE622": [3, 3], "CE442": [5, 3], "PHY412A": [3, 1], "ENG439A": [8, 3], "CHM631": [5, 3], "BSE633": [1, 1], "CS680": [8, 1], "MTH752A": [8, 1], "MTH729A": [3, 1], "MSE689": [1, 3], "CHE221A": [2, 1], "MBA684": [7, 1], "ME623A": [4, 1], "MBA663A": [1, 1], "BSE322": [1, 1], "MBA677": [7, 3], "ME622": [6, 3], "ESO201A": [5, 1], "MSE204A": [10, 3], "CS635A": [3, 1], "ES648A": [3, 1], "MTH759A": [4, 1], "PHY680": [1, 3], "PHY692": [10, 1], "EE321A": [2, 1], "CHM612A": [6, 1], "CHM645": [2, 1], "EE661A": [6, 1], "MTH404": [4, 1], "ECO756A": [2, 1], "PHY618A": [10, 1], "CHE463A": [6, 1], "ENG733A": [5, 3], "ME752A": [9, 1], "ME630A": [5, 3], "CE322": [6, 3], "PHY663A": [1, 1], "ENG438A": [8, 1], "ECO753": [4, 3], "AE341": [1, 1], "CE612A": [4, 1], "MBA633A": [2, 1], "PSY787A": [2, 3], "EE611A": [6, 1], "MBA617": [9, 3], "CE382": [1, 3], "BSE223A": [6, 3], "CE382A": [1, 3], "ECO311A": [4, 1], "ME222A": [4, 3], "EE643": [1, 1], "IME672": [6, 3], "PHY103N": [4, 1], "MSE676A": [2, 3], "MTH628A": [6, 1], "EE629A": [7, 1], "ME774A": [6, 1], "ECO757": [6, 3], "CE630A": [2, 3], "BSE633A": [1, 1], "MBA684A": [7, 1], "CHM627A": [6, 1], "CHE702A": [6, 3], "ME231A": [2, 3], "MBA652A": [3, 1], "CS422": [4, 3], "MSE604A": [2, 1], "EEM614A": [1, 3], "MSE616A": [9, 1], "CS746": [4, 1], "CS747": [6, 1], "EE698E": [9, 1], "EE698D": [9, 1], "EE698C": [2, 1], "EE698B": [4, 3], "EE698I": [4, 3], "MTH622": [5, 3], "MTH624": [1, 1], "CHM202A": [2, 1], "MTH628": [6, 1], "EE210A": [2, 3], "ECO543": [4, 3], "MTH511A": [9, 1], "EE662A": [1, 3], "NT661A": [7, 1], "EE617A": [5, 3], "CE628A": [9, 1], "CS634": [5, 3], "CS635": [3, 1], "PHY644": [6, 3], "EEM604": [6, 1], "PHY432A": [7, 3], "EE210": [2, 3], "MTH416A": [3, 1], "PHY553A": [4, 3], "ME664A": [5, 3], "PSY794A": [4, 1], "EE602A": [1, 3], "CHM699A": [2, 3], "AE653": [5, 3], "CHE679A": [6, 1], "CE272A": [2, 3], "MTH656A": [7, 3], "MTH426A": [11, 3], "EE671A": [7, 1], "MTH759": [4, 1], "MTH693": [2, 1], "EE665A": [7, 1], "MTH516A": [2, 1], "MTH676A": [7, 3], "AE673A": [6, 1], "CHE684A": [8, 1], "CHE453": [5, 3], "PHY422": [1, 1], "PSY454A": [8, 3], "CE462A": [7, 3], "CS335A": [2, 3], "ME634A": [6, 3], "PHI141": [7, 1], "CS251": [3, 1], "MSE689A": [1, 3], "AE678A": [5, 3], "MSO201A": [1, 1], "CHE221": [2, 1], "LIF101A": [6, 3], "SOC481A": [11, 1], "MSE648A": [6, 1], "PHY692A": [10, 1], "MTH404A": [4, 1], "PHY524A": [5, 3], "ENG438": [8, 1], "AE681A": [4, 3], "IME625": [2, 1], "EE381A": [4, 3], "IME625A": [2, 1], "AE251A": [3, 1], "MBA661": [4, 1], "ME770A": [4, 1], "MBA665": [4, 1], "MBA666": [6, 3], "MSE621": [7, 3], "ESO209": [1, 1], "MTH632A": [2, 1], "CHE391A": [1, 1], "AE660A": [7, 3], "EE643A": [1, 1], "CHE331A": [6, 3], "MTH641A": [7, 3], "EEM609A": [9, 3], "NT631A": [8, 1], "MSE203A": [6, 1], "PHY695A": [7, 1], "EE619": [7, 3], "IME642A": [2, 3], "MBA663": [1, 1]}