{"": [8, 2], "MTH622A": [2, 1], "CHM341": [4, 3], "EE666A": [2, 5], "ME461A": [4, 3], "EE311": [3, 3], "MTH673A": [5, 5], "AE341A": [1, 1], "BSE615A": [1, 5], "MS604A": [5, 5], "MTH306": [7, 1], "CS679": [7, 3], "MTH304": [1, 3], "SOC473": [8, 1], "MTH302": [4, 1], "MTH721A": [7, 5], "PHY602": [5, 5], "DES623": [8, 1], "CHE652A": [7, 5], "MTH308": [2, 1], "MTH309": [1, 3], "ECO261A": [4, 5], "PHY621A": [6, 1], "AE753": [2, 1], "EE340A": [6, 3], "EE626A": [5, 5], "AE621A": [6, 1], "NT651": [5, 3], "CHM322A": [8, 5], "CHM481": [5, 1], "MTH652A": [2, 3], "CHM695": [7, 3], "MTH664A": [4, 1], "MTH656": [7, 5], "MTH657": [1, 3], "ENG433A": [3, 1], "ECO502": [5, 1], "ECO501": [3, 1], "ECO506": [6, 5], "PHY663": [1, 1], "ME642A": [3, 3], "AE322": [6, 5], "PSY776A": [6, 1], "TA101A": [1, 1], "MTH424A": [5, 3], "PHY553": [1, 3], "ME664": [5, 5], "ME663": [2, 1], "DES698A": [2, 1], "EE608A": [7, 5], "PHI455A": [3, 1], "DES682A": [3, 3], "MTH424": [5, 3], "MBA628": [2, 1], "MTH215A": [5, 5], "ME762A": [1, 1], "ME461": [4, 3], "EE631A": [6, 5], "PHY412": [3, 1], "CHE463": [6, 1], "SOC481": [3, 1], "MBA635A": [6, 1], "MTH759": [7, 1], "MBA653": [3, 1], "CHE362A": [7, 5], "MTH751A": [5, 3], "BSE653B": [3, 5], "BSE653A": [3, 5], "DES621A": [5, 5], "CE262A": [4, 1], "CHE659A": [2, 5], "CS771A": [7, 5], "CHM609A": [4, 1], "ECO501A": [3, 1], "MSE422A": [7, 5], "MTH418A": [4, 5], "CE352A": [4, 3], "CHE381A": [4, 5], "CS634A": [4, 4], "PHY644A": [6, 5], "ES649A": [2, 1], "IME637A": [6, 1], "MBA621A": [3, 3], "PHY524": [5, 5], "SOC479": [8, 3], "ME354A": [1, 5], "EE640A": [8, 1], "IME611": [7, 3], "BSE614": [2, 1], "MSE467A": [1, 5], "SOC745A": [7, 5], "MTH421A": [3, 5], "EE321A": [2, 1], "CHM222A": [3, 1], "EE681A": [2, 1], "CE422A": [5, 5], "PSY151A": [7, 3], "MTH638A": [4, 1], "ECO332": [4, 1], "MTH304A": [1, 3], "CS679A": [7, 3], "MBA617A": [5, 5], "ME728A": [1, 1], "MBA607A": [4, 1], "CHE611A": [7, 3], "MBA677A": [7, 5], "AE747": [7, 5], "ES647A": [7, 5], "AE625A": [5, 5], "NT614": [2, 1], "MBA628A": [2, 1], "AE698A": [7, 3], "CS640": [5, 5], "CS315": [2, 5], "MBA635": [6, 1], "CS647": [8, 5], "CS648": [7, 5], "EE250A": [4, 1], "ART411A": [8, 3], "ECO342A": [1, 1], "AE660": [2, 5], "AE211A": [2, 1], "AE481A": [4, 1], "CS771": [7, 5], "ECO506A": [6, 5], "MSE421A": [1, 1], "ES653A": [6, 1], "ME639A": [4, 5], "BSE615": [1, 5], "PHY680A": [4, 1], "CHM612": [1, 1], "MS602": [2, 3], "BSE341": [4, 1], "MBA665A": [2, 1], "CE674A": [2, 1], "BSE616": [7, 5], "MSE683A": [4, 5], "CHM342A": [1, 1], "TA201N": [8, 5], "MBA649A": [2, 5], "ESO203A": [5, 5], "MSE202A": [3, 5], "AE753A": [2, 1], "MSE304A": [6, 5], "SOC171": [7, 1], "MTH524A": [8, 5], "EE635A": [5, 5], "EE622A": [2, 1], "CHE331": [2, 1], "CHM402A": [4, 1], "IME700A": [1, 3], "TA201A": [8, 5], "SOC721A": [6, 1], "CE629A": [2, 5], "ME727A": [7, 5], "MSE616": [7, 1], "PHI455": [3, 1], "ME689A": [8, 3], "PHI450": [8, 1], "AE604A": [7, 1], "MSE621A": [7, 5], "EE668A": [4, 5], "ME665A": [4, 1], "CHE602A": [2, 1], "MTH679A": [3, 3], "ME634": [4, 1], "ME630": [5, 5], "PHY602A": [5, 5], "MTH653A": [7, 3], "CS648A": [7, 5], "ECO221A": [3, 1], "CSO202A": [5, 1], "PSY458A": [3, 1], "EE629": [7, 3], "MTH653": [7, 3], "EE623": [5, 3], "EE622": [2, 1], "EE627": [2, 5], "EE626": [5, 5], "CE632A": [8, 3], "EEM608B": [6, 5], "PHI774A": [6, 1], "MTH308A": [2, 1], "CS680A": [5, 3], "ART406A": [8, 1], "ENG712A": [2, 1], "PHY693A": [2, 5], "CS365A": [6, 5], "PHI141A": [7, 3], "MTH311": [5, 3], "PSY451A": [3, 5], "AE625": [5, 5], "CS422A": [4, 5], "CHM645A": [7, 3], "PHI752A": [4, 1], "ART401A": [3, 1], "EE617A": [5, 3], "MTH729": [4, 1], "MTH641": [3, 3], "BSE652A": [6, 1], "MTH721": [7, 5], "MS602A": [2, 3], "EE648A": [6, 1], "AE648A": [6, 1], "CS618A": [5, 5], "MBA661A": [5, 1], "ECO502A": [5, 1], "MBA634A": [5, 1], "CE222": [2, 3], "CS647A": [8, 5], "CHE659": [2, 5], "CS618": [5, 5], "PHY660": [2, 3], "EE311A": [3, 3], "EE600A": [3, 5], "MTH421": [3, 5], "MTH426": [3, 3], "CHE621A": [3, 1], "CHM422": [8, 5], "PSE606A": [7, 1], "TA101N": [1, 1], "MTH514A": [1, 3], "PSY798A": [7, 5], "BSE614A": [2, 1], "CHE381": [4, 5], "MBA634": [5, 1], "CE372A": [6, 5], "CE625A": [6, 1], "ME778": [5, 1], "ME770": [4, 1], "EE627A": [2, 5], "ME774": [8, 5], "CHM649A": [2, 1], "BSE221A": [3, 5], "MTH516": [2, 1], "EE665": [3, 5], "MTH514": [1, 3], "MTH511": [5, 1], "ART411": [8, 3], "AE687A": [1, 5], "ESC201A": [7, 3], "ECO413A": [3, 3], "MBA647": [1, 3], "ENG436A": [8, 5], "CS365": [6, 5], "MBA640": [7, 3], "MSE648": [6, 3], "MBA649": [2, 5], "NT652A": [6, 1], "CHM631A": [5, 5], "MSE617": [8, 3], "MBA666A": [6, 5], "ME626A": [4, 5], "PHY102N": [7, 1], "ENG716A": [4, 5], "MTH215": [5, 5], "ME353": [1, 5], "AE690A": [3, 1], "IME611A": [7, 3], "SOC752A": [5, 5], "CE628": [4, 5], "CS747A": [6, 1], "AE462A": [1, 3], "EE623A": [5, 3], "AE322A": [6, 5], "MTH513A": [2, 1], "DES606A": [5, 1], "ECO757A": [6, 5], "MTH552A": [6, 1], "MTH632A": [2, 1], "DES630A": [1, 3], "ME649A": [1, 1], "PHY473A": [4, 5], "MSE421": [1, 1], "PHY621": [6, 1], "AE675": [3, 1], "CS656": [6, 1], "AE673": [5, 3], "CHE642A": [6, 1], "CHE613A": [5, 5], "AE675A": [3, 1], "CS315A": [2, 5], "EE681": [2, 1], "CE613A": [8, 4], "MSE624A": [6, 5], "CE412A": [5, 1], "EE301A": [1, 5], "MTH101A": [8, 3], "CHM626": [3, 3], "CHM627": [6, 1], "ART105A": [6, 3], "CSO201A": [5, 1], "CE682A": [7, 5], "BSE322A": [1, 1], "MTH679": [3, 3], "MTH676": [7, 5], "ESC101A": [5, 3], "MTH673": [5, 5], "EEM615A": [3, 3], "ENG436": [8, 5], "ENG433": [3, 1], "AE612A": [2, 5], "CE635A": [4, 2], "MBA616A": [5, 3], "ENG439": [8, 5], "AE653A": [5, 1], "PHY695": [7, 1], "ENG750A": [2, 5], "ESO209": [1, 1], "CHM102A": [2, 3], "CS625A": [3, 5], "PHY693": [2, 5], "CHM699": [2, 5], "ECO735A": [4, 1], "CHE622A": [3, 5], "ESO202": [5, 1], "CHE211A": [3, 5], "MTH552": [6, 1], "PHY102A": [7, 1], "CHM626A": [3, 3], "CHE802A": [1, 1], "CHM695A": [7, 3], "MTH418": [4, 5], "CE672A": [4, 1], "ME698A": [7, 5], "MBA653A": [3, 1], "ME613A": [6, 1], "MTH416": [3, 1], "PHY690O": [6, 1], "PHY690N": [6, 1], "CS220A": [4, 1], "AE747A": [7, 5], "MSE604": [2, 1], "PHI448": [2, 3], "ME649": [1, 1], "ME727": [7, 5], "PHY473": [4, 5], "ECO101A": [7, 1], "PHI751A": [7, 5], "ME642": [3, 3], "MBA607": [4, 1], "ME728": [1, 1], "PHY307": [2, 3], "MTH205A": [1, 5], "SOC479A": [8, 3], "SOC750A": [7, 1], "EE381": [4, 5], "ME351A": [6, 5], "MTH524": [8, 5], "PHY210A": [4, 1], "EE609A": [6, 1], "ME622A": [3, 3], "EE619A": [3, 5], "ME663A": [2, 1], "PSO201A": [5, 1], "ESO202A": [1, 1], "EEM604A": [2, 3], "MSE676": [2, 3], "MSE305A": [4, 5], "MBA681": [8, 1], "MTH693A": [7, 5], "CE242A": [3, 5], "ME351": [6, 5], "PHY616A": [5, 3], "CHM481A": [5, 1], "CS335A": [1, 3], "MTH664": [4, 1], "DES606": [5, 1], "MTH302A": [4, 1], "ECO753A": [4, 5], "PHI751": [7, 5], "ME751A": [2, 1], "CE672": [4, 1], "PHY660A": [2, 3], "MTH632": [2, 1], "BSE222A": [4, 1], "BSE421A": [2, 1], "MTH638": [4, 1], "PHY307A": [2, 3], "NT614A": [2, 1], "AE648": [6, 1], "ME341A": [4, 5], "BSE654A": [8, 5], "AE641": [4, 3], "MTH309A": [1, 3], "CS625": [3, 5], "NT651A": [5, 3], "EE642A": [2, 1], "PHI448A": [2, 3], "CHE361": [4, 1], "SOC171A": [7, 1], "ME627A": [8, 3], "PHY103A": [4, 3], "CE676A": [1, 3], "MSE638A": [3, 5], "MBA647A": [1, 3], "ME689": [8, 3], "PHY432": [7, 5], "AE708A": [7, 1], "EE360A": [3, 5], "ME682": [1, 5], "PHY680": [4, 1], "PSY458": [3, 1], "PSY454": [8, 3], "CHM662A": [7, 5], "AE462": [1, 3], "PSY451": [3, 5], "MBA681A": [8, 1], "CHE211": [3, 5], "MS603A": [3, 1], "DES633A": [7, 1], "EE649A": [7, 5], "CHM242A": [4, 3], "AE687": [1, 5], "DES623A": [8, 1], "EE671": [7, 3], "CS656A": [6, 1], "EEM614": [1, 3], "ART406": [8, 1], "CS640A": [5, 5], "ART401": [3, 1], "ENG122A": [7, 1], "MSE638": [3, 5], "ME613": [6, 1], "MTH102A": [3, 3], "MBA652": [8, 1], "MTH102N": [3, 3], "MSE631": [5, 5], "TA202A": [8, 1], "IME672A": [6, 5], "COM200": [2, 5], "ME341": [4, 5], "MSE422": [7, 5], "ME778A": [5, 1], "BSE321A": [4, 5], "EE609": [6, 1], "ECO543A": [4, 5], "MTH205": [1, 5], "CHE662A": [4, 3], "PHY422A": [1, 1], "IME700": [1, 3], "ME682A": [1, 5], "CE630": [2, 1], "CE622A": [1, 1], "MSE617A": [8, 3], "CE635": [4, 2], "CHE611": [7, 3], "AE698": [7, 3], "CS746A": [4, 1], "AE690": [3, 1], "PHI755A": [2, 5], "CE690A": [4, 1], "CE661A": [5, 5], "MBA640A": [7, 3], "ME600A": [6, 3], "CHE261A": [4, 1], "PHY618": [4, 3], "PHI450A": [8, 1], "BSE616A": [7, 5], "CS335": [1, 3], "PHY616": [5, 3], "CHE621": [3, 1], "CHE622": [3, 5], "CE442": [5, 5], "PHY412A": [3, 1], "ENG439A": [8, 5], "CHM631": [5, 5], "BSE633": [1, 1], "CS680": [5, 3], "MTH752A": [1, 3], "MTH729A": [4, 1], "MSE689": [1, 3], "CHE221A": [1, 3], "MBA684": [7, 1], "ME623A": [2, 5], "MBA663A": [1, 5], "BSE322": [1, 1], "MBA677": [7, 5], "MBA661": [5, 1], "ESO201A": [5, 1], "MSE204A": [6, 1], "CS635A": [3, 1], "ES648A": [3, 1], "MTH759A": [7, 1], "EEM613A": [4, 3], "PHY692": [3, 3], "CS797A": [1, 1], "MTH657A": [1, 3], "CHM612A": [1, 1], "CHM645": [7, 3], "EE661A": [8, 5], "MTH404": [6, 5], "PHY618A": [4, 3], "CHE463A": [6, 1], "ENG733A": [5, 5], "ME752A": [5, 3], "ME630A": [5, 5], "CE322": [6, 5], "PHY663A": [1, 1], "ENG438A": [6, 3], "ECO753": [4, 5], "AE341": [1, 1], "CE612A": [4, 1], "MBA633A": [2, 3], "PSY787A": [2, 5], "EE611A": [6, 1], "CS202A": [2, 3], "MBA617": [5, 5], "CE382": [7, 5], "BSE223A": [6, 5], "MTH416A": [3, 1], "ECO311A": [4, 1], "ME222A": [4, 5], "EE643": [6, 5], "MSE631A": [5, 5], "IME672": [6, 5], "PHY103N": [4, 3], "MSE676A": [2, 3], "MTH628A": [6, 1], "EE629A": [7, 3], "ME774A": [8, 5], "ECO757": [6, 5], "CE630A": [2, 1], "BSE633A": [1, 1], "MBA684A": [7, 1], "CHM627A": [6, 1], "ME231A": [3, 5], "MBA652A": [8, 1], "CS422": [4, 5], "MSE604A": [2, 1], "EEM614A": [1, 3], "MSE616A": [7, 1], "CS746": [4, 1], "CS747": [6, 1], "EE698E": [5, 1], "EE698D": [5, 1], "EE698C": [2, 1], "EE698B": [5, 5], "EE698I": [4, 5], "MTH622": [2, 1], "CHM202A": [1, 3], "MTH628": [6, 1], "EE210A": [2, 3], "ECO543": [4, 5], "MTH511A": [5, 1], "EE662A": [1, 3], "NT661A": [7, 1], "BSE652": [6, 1], "CE628A": [4, 5], "CS634": [4, 4], "CS635": [3, 1], "PHY644": [6, 5], "EEM604": [2, 3], "PHY432A": [7, 5], "EE210": [2, 3], "CE382A": [7, 5], "PHY553A": [1, 3], "ME664A": [5, 5], "PSY794A": [6, 5], "EE602A": [4, 3], "CHM699A": [2, 5], "AE653": [5, 1], "CHE679A": [6, 1], "CE272A": [2, 3], "MTH656A": [7, 5], "MTH426A": [3, 3], "EE671A": [7, 3], "PSE604A": [3, 1], "MTH693": [7, 5], "EE665A": [3, 5], "MTH516A": [2, 1], "MTH676A": [7, 5], "AE673A": [5, 3], "CHE684A": [8, 1], "CHE453": [5, 3], "PHY422": [1, 1], "PSY454A": [8, 3], "CE462A": [6, 1], "AE641A": [4, 3], "ME634A": [4, 1], "PHI141": [7, 3], "SOC473A": [8, 1], "MSE689A": [1, 3], "AE678A": [5, 5], "MSO201A": [1, 1], "CHE221": [1, 3], "LIF101A": [6, 3], "SOC481A": [3, 1], "MSE648A": [6, 3], "PHY692A": [3, 3], "MTH404A": [6, 5], "PHY524A": [5, 5], "ENG438": [6, 3], "AE681A": [4, 5], "EE381A": [4, 5], "AE251A": [3, 1], "ME622": [3, 3], "ME770A": [4, 1], "MBA665": [2, 1], "MBA666": [6, 5], "MSE621": [7, 5], "CHE453A": [5, 3], "CHE391A": [1, 1], "AE660A": [2, 5], "EE643A": [6, 5], "CHE331A": [2, 1], "MTH641A": [3, 3], "EEM609A": [3, 3], "NT631A": [8, 1], "MSE203A": [4, 3], "PHY695A": [7, 1], "EE619": [3, 5], "IME642A": [2, 5], "MBA663": [1, 5]}