{"CHM342": [1, 1], "CHM341": [4, 3], "CE242": [3, 5], "EE311": [3, 3], "DES623": [8, 1], "DES621": [5, 5], "AE612": [2, 5], "CS679": [7, 3], "MTH304": [1, 3], "SOC473": [8, 1], "MTH302": [4, 1], "SOC479": [8, 3], "MTH308": [2, 1], "MTH309": [1, 3], "AE753": [2, 1], "NT652": [6, 1], "NT651": [5, 3], "CHM481": [5, 1], "MTH652": [2, 3], "MTH653": [7, 3], "MTH656": [7, 5], "MTH657": [1, 3], "ECO342": [1, 1], "ECO502": [5, 1], "ECO501": [3, 1], "ECO506": [6, 5], "ECO261": [4, 5], "CHE642": [6, 1], "ECO735": [4, 1], "PSE606": [7, 1], "AE322": [6, 5], "PHY553": [1, 3], "ME665": [4, 1], "ME664": [5, 5], "ME663": [2, 1], "MBA621": [3, 3], "PSO201": [5, 1], "MBA628": [2, 1], "ME461": [4, 3], "PHY412": [3, 1], "CHE463": [6, 1], "SOC481": [3, 1], "CS771": [7, 5], "CHM402": [4, 1], "MBA653": [3, 1], "PHY524": [5, 5], "CHE261": [4, 1], "PHY602": [5, 5], "MSE304": [6, 5], "MSE305": [4, 5], "IME611": [7, 3], "CE322": [6, 5], "PHI774": [6, 1], "BSE616": [7, 5], "CS797": [1, 1], "ESC201": [7, 3], "NT614": [2, 1], "CHE602": [2, 1], "CS640": [5, 5], "CS315": [2, 5], "MBA635": [6, 1], "CS647": [8, 5], "CE352": [4, 3], "CS648": [7, 5], "EE340": [6, 3], "CE422": [5, 5], "ESC101": [5, 3], "AE660": [2, 5], "BSE221": [3, 5], "BSE222": [4, 1], "BSE223": [6, 5], "BSE615": [1, 5], "BSE614": [2, 1], "MS604": [5, 5], "CHM202": [1, 3], "MS602": [2, 3], "BSE341": [4, 1], "CHM612": [1, 1], "MS603": [3, 1], "SOC721": [6, 1], "CHE331": [2, 1], "CHM102": [2, 3], "CSO202": [5, 1], "CSO201": [5, 1], "MSE616": [7, 1], "MSE617": [8, 3], "PHI450": [8, 1], "ME639": [4, 5], "ME634": [4, 1], "ME630": [5, 5], "ECO101": [7, 1], "CHE802": [1, 1], "EE629": [7, 3], "CE613": [8, 4], "EE623": [5, 3], "EE622": [2, 1], "EE627": [2, 5], "EE626": [5, 5], "PSY151": [7, 3], "ES647": [7, 5], "TA201": [8, 5], "ES649": [2, 1], "ES648": [3, 1], "EE301": [1, 5], "DES630": [1, 3], "DES633": [7, 1], "AE747": [7, 5], "MTH311": [5, 3], "CE462": [6, 1], "AE625": [5, 5], "AE621": [6, 1], "CE661": [5, 5], "CHM242": [4, 3], "BSE653": [3, 5], "BSE652": [6, 1], "MTH729": [4, 1], "MTH641": [3, 3], "MTH721": [7, 5], "MSE467": [1, 5], "EE666": [2, 5], "CHM322": [8, 5], "DES682": [3, 3], "CS220": [4, 1], "AE481": [4, 1], "AE211": [2, 1], "CHE659": [2, 5], "EE661": [8, 5], "CS618": [5, 5], "PHY660": [2, 3], "PHY663": [1, 1], "CHE652": [7, 5], "MTH421": [3, 5], "MTH426": [3, 3], "MTH424": [5, 3], "AE251": [3, 1], "CHM662": [7, 5], "ECO332": [4, 1], "MBA633": [2, 3], "CHE381": [4, 5], "MBA634": [5, 1], "ME778": [5, 1], "ME770": [4, 1], "ME774": [8, 5], "PSE604": [3, 1], "LIF101": [6, 3], "MTH101": [8, 3], "MTH102": [3, 3], "EE668": [4, 5], "MTH516": [2, 1], "EE665": [3, 5], "MTH514": [1, 3], "MTH513": [2, 1], "EE662": [1, 3], "MTH511": [5, 1], "ART411": [8, 3], "CE682": [7, 5], "ENG716": [4, 5], "MBA647": [1, 3], "ENG712": [2, 1], "ME600": [6, 3], "MBA640": [7, 3], "MSE648": [6, 3], "MBA649": [2, 5], "PHI455": [3, 1], "AE708": [7, 1], "MTH215": [5, 5], "ME353": [1, 5], "ME351": [6, 5], "ME354": [1, 5], "CE629": [2, 5], "CE628": [4, 5], "CE622": [1, 1], "CE625": [6, 1], "AE681": [4, 5], "AE687": [1, 5], "MSE422": [7, 5], "MSE421": [1, 1], "PHY621": [6, 1], "AE675": [3, 1], "CHE613": [5, 5], "CS656": [6, 1], "AE673": [5, 3], "CE262": [4, 1], "AE678": [5, 5], "EE681": [2, 1], "ECO413": [3, 3], "CHM626": [3, 3], "CHM627": [6, 1], "MSO201": [1, 1], "MBA677": [7, 5], "PSY794": [6, 5], "MTH679": [3, 3], "MTH676": [7, 5], "PSY798": [7, 5], "MTH673": [5, 5], "ENG436": [8, 5], "ENG433": [3, 1], "ENG439": [8, 5], "ENG438": [6, 3], "PHY695": [7, 1], "PHY690": [6, 1], "PHY692": [3, 3], "PHY693": [2, 5], "CHM699": [2, 5], "ENG122": [7, 1], "ESO201": [5, 1], "ESO203": [5, 5], "ESO202": [1, 1], "MTH552": [6, 1], "MTH418": [4, 5], "CE690": [4, 1], "MTH416": [3, 1], "IME642": [2, 5], "MSE604": [2, 1], "SOC745": [7, 5], "PHI448": [2, 3], "ME649": [1, 1], "ME727": [7, 5], "PHY473": [4, 5], "ENG750": [2, 5], "ME642": [3, 3], "MBA607": [4, 1], "ME728": [1, 1], "PHY307": [2, 3], "EE381": [4, 5], "EE635": [5, 5], "MTH524": [8, 5], "EE631": [6, 5], "CHE391": [1, 1], "ME751": [2, 1], "MSE676": [2, 3], "PSY787": [2, 5], "ES65